rank,epoch,checkpoint,accuracy,loss,precision,recall,val_accuracy,val_loss,val_precision,val_recall
1,7,epoch-07.weights.h5,0.9384803771972656,0.16618773341178894,0.942004382610321,0.9344940185546875,0.860870361328125,0.35759368538856506,0.9035123586654663,0.8077463507652283
2,8,epoch-08.weights.h5,0.9425849914550781,0.1550562083721161,0.9456210136413574,0.939178466796875,0.85931396484375,0.36354196071624756,0.9105509519577026,0.7966277599334717
3,9,epoch-09.weights.h5,0.9471473693847656,0.14390793442726135,0.9498622417449951,0.9441299438476562,0.86004638671875,0.378702312707901,0.9098435044288635,0.7990103363990784
4,6,epoch-06.weights.h5,0.9319000244140625,0.18099495768547058,0.9354548454284668,0.9278182983398438,0.85382080078125,0.3828754723072052,0.9146315455436707,0.7801942825317383
5,10,epoch-10.weights.h5,0.9508895874023438,0.134275883436203,0.952886700630188,0.9486846923828125,0.84295654296875,0.42155030369758606,0.9130050539970398,0.7578349113464355
6,3,epoch-03.weights.h5,0.899871826171875,0.2541702687740326,0.9019325375556946,0.897308349609375,0.826904296875,0.4217248260974884,0.9259377121925354,0.7103060483932495
7,2,epoch-02.weights.h5,0.8733100891113281,0.3091853857040405,0.8714087009429932,0.8758697509765625,0.813812255859375,0.4283890128135681,0.9115101099014282,0.6947278380393982
8,5,epoch-05.weights.h5,0.924835205078125,0.19813528656959534,0.928615391254425,0.9204254150390625,0.83502197265625,0.4289461076259613,0.9244946837425232,0.7293053865432739
9,4,epoch-04.weights.h5,0.914459228515625,0.2212870866060257,0.9177291393280029,0.9105453491210938,0.829925537109375,0.4358939826488495,0.9320473670959473,0.7114056944847107
10,1,epoch-01.weights.h5,0.8037872314453125,0.4343733489513397,0.7970472574234009,0.8151321411132812,0.789520263671875,0.4549836814403534,0.884852945804596,0.6652208566665649
